-- AFL Tipping Seed Data
-- Run AFTER schema.sql in Supabase SQL Editor

-- Participants
insert into participants (name) values
  ('Swan'),
  ('Mignon'),
  ('Mr K'),
  ('Uncle'),
  ('Rave'),
  ('Guido'),
  ('Jurgen'),
  ('Stickman');

-- Fixtures (full 2026 season R0-R24)
insert into fixtures (round, match_num, game_date, home_team, away_team) values
  (0, 1, '2026-03-05', 'Sydney Swans', 'Carlton'),
  (0, 2, '2026-03-06', 'Gold Coast Suns', 'Geelong Cats'),
  (0, 3, '2026-03-07', 'GWS Giants', 'Hawthorn'),
  (0, 4, '2026-03-07', 'Brisbane Lions', 'Western Bulldogs'),
  (0, 5, '2026-03-08', 'St Kilda', 'Collingwood'),
  (1, 1, '2026-03-12', 'Carlton', 'Richmond'),
  (1, 2, '2026-03-13', 'Essendon', 'Hawthorn'),
  (1, 3, '2026-03-14', 'Western Bulldogs', 'GWS Giants'),
  (1, 4, '2026-03-14', 'Geelong Cats', 'Fremantle'),
  (1, 5, '2026-03-14', 'Sydney Swans', 'Brisbane Lions'),
  (1, 6, '2026-03-14', 'Collingwood', 'Adelaide Crows'),
  (1, 7, '2026-03-15', 'North Melbourne', 'Port Adelaide'),
  (1, 8, '2026-03-15', 'Melbourne', 'St Kilda'),
  (1, 9, '2026-03-15', 'Gold Coast Suns', 'West Coast Eagles'),
  (2, 1, '2026-03-19', 'Hawthorn', 'Sydney Swans'),
  (2, 2, '2026-03-20', 'Adelaide Crows', 'Western Bulldogs'),
  (2, 3, '2026-03-21', 'Richmond', 'Gold Coast Suns'),
  (2, 4, '2026-03-21', 'GWS Giants', 'St Kilda'),
  (2, 5, '2026-03-21', 'Fremantle', 'Melbourne'),
  (2, 6, '2026-03-22', 'Port Adelaide', 'Essendon'),
  (2, 7, '2026-03-22', 'West Coast Eagles', 'North Melbourne'),
  (3, 1, '2026-03-26', 'Geelong Cats', 'Adelaide Crows'),
  (3, 2, '2026-03-27', 'Collingwood', 'GWS Giants'),
  (3, 3, '2026-03-28', 'St Kilda', 'Brisbane Lions'),
  (3, 4, '2026-03-28', 'Fremantle', 'Richmond'),
  (3, 5, '2026-03-28', 'Essendon', 'North Melbourne'),
  (3, 6, '2026-03-29', 'Port Adelaide', 'West Coast Eagles'),
  (3, 7, '2026-03-29', 'Carlton', 'Melbourne'),
  (4, 1, '2026-04-02', 'Brisbane Lions', 'Collingwood'),
  (4, 2, '2026-04-03', 'North Melbourne', 'Carlton'),
  (4, 3, '2026-04-03', 'Adelaide Crows', 'Fremantle'),
  (4, 4, '2026-04-04', 'Richmond', 'Port Adelaide'),
  (4, 5, '2026-04-04', 'West Coast Eagles', 'Sydney Swans'),
  (4, 6, '2026-04-05', 'Melbourne', 'Gold Coast Suns'),
  (4, 7, '2026-04-05', 'Western Bulldogs', 'Essendon'),
  (4, 8, '2026-04-06', 'Hawthorn', 'Geelong Cats'),
  (5, 1, '2026-04-09', 'Adelaide Crows', 'Carlton'),
  (5, 2, '2026-04-10', 'Collingwood', 'Fremantle'),
  (5, 3, '2026-04-11', 'North Melbourne', 'Brisbane Lions'),
  (5, 4, '2026-04-11', 'Essendon', 'Melbourne'),
  (5, 5, '2026-04-11', 'Sydney Swans', 'Gold Coast Suns'),
  (5, 6, '2026-04-11', 'Hawthorn', 'Western Bulldogs'),
  (5, 7, '2026-04-12', 'Geelong Cats', 'West Coast Eagles'),
  (5, 8, '2026-04-12', 'GWS Giants', 'Richmond'),
  (5, 9, '2026-04-12', 'Port Adelaide', 'St Kilda'),
  (6, 1, '2026-04-16', 'Carlton', 'Collingwood'),
  (6, 2, '2026-04-17', 'Geelong Cats', 'Western Bulldogs'),
  (6, 3, '2026-04-17', 'Sydney Swans', 'GWS Giants'),
  (6, 4, '2026-04-18', 'Gold Coast Suns', 'Essendon'),
  (6, 5, '2026-04-18', 'Hawthorn', 'Port Adelaide'),
  (6, 6, '2026-04-18', 'Adelaide Crows', 'St Kilda'),
  (6, 7, '2026-04-19', 'North Melbourne', 'Richmond'),
  (6, 8, '2026-04-19', 'Melbourne', 'Brisbane Lions'),
  (6, 9, '2026-04-19', 'West Coast Eagles', 'Fremantle'),
  (7, 1, '2026-04-23', 'Western Bulldogs', 'Sydney Swans'),
  (7, 2, '2026-04-24', 'Richmond', 'Melbourne'),
  (7, 3, '2026-04-25', 'Hawthorn', 'Gold Coast Suns'),
  (7, 4, '2026-04-25', 'Essendon', 'Collingwood'),
  (7, 5, '2026-04-25', 'Port Adelaide', 'Geelong Cats'),
  (7, 6, '2026-04-25', 'Fremantle', 'Carlton'),
  (7, 7, '2026-04-26', 'St Kilda', 'West Coast Eagles'),
  (7, 8, '2026-04-26', 'Brisbane Lions', 'Adelaide Crows'),
  (7, 9, '2026-04-26', 'GWS Giants', 'North Melbourne'),
  (8, 1, '2026-04-30', 'Collingwood', 'Hawthorn'),
  (8, 2, '2026-05-01', 'Western Bulldogs', 'Fremantle'),
  (8, 3, '2026-05-01', 'Adelaide Crows', 'Port Adelaide'),
  (8, 4, '2026-05-02', 'Essendon', 'Brisbane Lions'),
  (8, 5, '2026-05-02', 'West Coast Eagles', 'Richmond'),
  (8, 6, '2026-05-02', 'Geelong Cats', 'North Melbourne'),
  (8, 7, '2026-05-02', 'Carlton', 'St Kilda'),
  (8, 8, '2026-05-03', 'Sydney Swans', 'Melbourne'),
  (8, 9, '2026-05-03', 'Gold Coast Suns', 'GWS Giants'),
  (9, 1, '2026-05-07', 'Fremantle', 'Hawthorn'),
  (9, 2, '2026-05-08', 'Brisbane Lions', 'Carlton'),
  (9, 3, '2026-05-08', 'Port Adelaide', 'Western Bulldogs'),
  (9, 4, '2026-05-09', 'North Melbourne', 'Sydney Swans'),
  (9, 5, '2026-05-09', 'GWS Giants', 'Essendon'),
  (9, 6, '2026-05-09', 'Gold Coast Suns', 'St Kilda'),
  (9, 7, '2026-05-09', 'Geelong Cats', 'Collingwood'),
  (9, 8, '2026-05-10', 'Melbourne', 'West Coast Eagles'),
  (9, 9, '2026-05-10', 'Richmond', 'Adelaide Crows'),
  (10, 1, '2026-05-14', 'Brisbane Lions', 'Geelong Cats'),
  (10, 2, '2026-05-15', 'Sydney Swans', 'Collingwood'),
  (10, 3, '2026-05-15', 'Gold Coast Suns', 'Port Adelaide'),
  (10, 4, '2026-05-16', 'Adelaide Crows', 'North Melbourne'),
  (10, 5, '2026-05-16', 'Melbourne', 'Hawthorn'),
  (10, 6, '2026-05-16', 'Carlton', 'Western Bulldogs'),
  (10, 7, '2026-05-17', 'Essendon', 'Fremantle'),
  (10, 8, '2026-05-17', 'St Kilda', 'Richmond'),
  (10, 9, '2026-05-17', 'West Coast Eagles', 'GWS Giants'),
  (11, 1, '2026-05-21', 'Hawthorn', 'Adelaide Crows'),
  (11, 2, '2026-05-22', 'Richmond', 'Essendon'),
  (11, 3, '2026-05-22', 'Fremantle', 'St Kilda'),
  (11, 4, '2026-05-23', 'North Melbourne', 'Gold Coast Suns'),
  (11, 5, '2026-05-23', 'Geelong Cats', 'Sydney Swans'),
  (11, 6, '2026-05-23', 'Collingwood', 'West Coast Eagles'),
  (11, 7, '2026-05-23', 'Port Adelaide', 'Carlton'),
  (11, 8, '2026-05-24', 'GWS Giants', 'Brisbane Lions'),
  (11, 9, '2026-05-24', 'Western Bulldogs', 'Melbourne'),
  (12, 1, '2026-05-28', 'St Kilda', 'Hawthorn'),
  (12, 2, '2026-05-29', 'Carlton', 'Geelong Cats'),
  (12, 3, '2026-05-30', 'Sydney Swans', 'Richmond'),
  (12, 4, '2026-05-30', 'Brisbane Lions', 'Fremantle'),
  (12, 5, '2026-05-30', 'Western Bulldogs', 'Collingwood'),
  (12, 6, '2026-05-31', 'Melbourne', 'GWS Giants'),
  (12, 7, '2026-05-31', 'West Coast Eagles', 'Essendon'),
  (13, 1, '2026-06-04', 'Adelaide Crows', 'Geelong Cats'),
  (13, 2, '2026-06-05', 'Hawthorn', 'Western Bulldogs'),
  (13, 3, '2026-06-06', 'North Melbourne', 'Fremantle'),
  (13, 4, '2026-06-06', 'Gold Coast Suns', 'Brisbane Lions'),
  (13, 5, '2026-06-06', 'West Coast Eagles', 'Port Adelaide'),
  (13, 6, '2026-06-07', 'Sydney Swans', 'St Kilda'),
  (13, 7, '2026-06-07', 'Essendon', 'Carlton'),
  (13, 8, '2026-06-08', 'Collingwood', 'Melbourne'),
  (14, 1, '2026-06-11', 'Western Bulldogs', 'Adelaide Crows'),
  (14, 2, '2026-06-12', 'Geelong Cats', 'Gold Coast Suns'),
  (14, 3, '2026-06-13', 'Melbourne', 'Essendon'),
  (14, 4, '2026-06-13', 'North Melbourne', 'West Coast Eagles'),
  (14, 5, '2026-06-13', 'Port Adelaide', 'Sydney Swans'),
  (14, 6, '2026-06-14', 'Richmond', 'Brisbane Lions'),
  (14, 7, '2026-06-14', 'St Kilda', 'GWS Giants'),
  (15, 1, '2026-06-18', 'Fremantle', 'Geelong Cats'),
  (15, 2, '2026-06-19', 'Gold Coast Suns', 'Hawthorn'),
  (15, 3, '2026-06-20', 'Adelaide Crows', 'Melbourne'),
  (15, 4, '2026-06-20', 'GWS Giants', 'Carlton'),
  (15, 5, '2026-06-20', 'Collingwood', 'Port Adelaide'),
  (15, 6, '2026-06-21', 'Richmond', 'North Melbourne'),
  (15, 7, '2026-06-21', 'St Kilda', 'Western Bulldogs'),
  (16, 1, '2026-06-27', 'Brisbane Lions', 'Sydney Swans'),
  (16, 2, '2026-06-27', 'Carlton', 'West Coast Eagles'),
  (16, 3, '2026-06-27', 'Collingwood', 'Richmond'),
  (16, 4, '2026-06-27', 'Hawthorn', 'GWS Giants'),
  (16, 5, '2026-06-27', 'North Melbourne', 'Essendon'),
  (16, 6, '2026-06-27', 'Port Adelaide', 'Adelaide Crows'),
  (16, 7, '2026-06-27', 'Fremantle', 'Gold Coast Suns'),
  (17, 1, '2026-07-04', 'Essendon', 'St Kilda'),
  (17, 2, '2026-07-04', 'Geelong Cats', 'Brisbane Lions'),
  (17, 3, '2026-07-04', 'Gold Coast Suns', 'Collingwood'),
  (17, 4, '2026-07-04', 'GWS Giants', 'Fremantle'),
  (17, 5, '2026-07-04', 'Hawthorn', 'Melbourne'),
  (17, 6, '2026-07-04', 'Richmond', 'Carlton'),
  (17, 7, '2026-07-04', 'Sydney Swans', 'Western Bulldogs'),
  (17, 8, '2026-07-04', 'Port Adelaide', 'North Melbourne'),
  (17, 9, '2026-07-04', 'West Coast Eagles', 'Adelaide Crows'),
  (18, 1, '2026-07-11', 'Brisbane Lions', 'Essendon'),
  (18, 2, '2026-07-11', 'Carlton', 'Hawthorn'),
  (18, 3, '2026-07-11', 'Collingwood', 'North Melbourne'),
  (18, 4, '2026-07-11', 'GWS Giants', 'Geelong Cats'),
  (18, 5, '2026-07-11', 'Melbourne', 'Richmond'),
  (18, 6, '2026-07-11', 'St Kilda', 'Port Adelaide'),
  (18, 7, '2026-07-11', 'Western Bulldogs', 'West Coast Eagles'),
  (18, 8, '2026-07-11', 'Adelaide Crows', 'Gold Coast Suns'),
  (18, 9, '2026-07-11', 'Fremantle', 'Sydney Swans'),
  (19, 1, '2026-07-18', 'Collingwood', 'Carlton'),
  (19, 2, '2026-07-18', 'Essendon', 'GWS Giants'),
  (19, 3, '2026-07-18', 'Geelong Cats', 'St Kilda'),
  (19, 4, '2026-07-18', 'Gold Coast Suns', 'Western Bulldogs'),
  (19, 5, '2026-07-18', 'North Melbourne', 'Melbourne'),
  (19, 6, '2026-07-18', 'Richmond', 'Hawthorn'),
  (19, 7, '2026-07-18', 'Sydney Swans', 'Adelaide Crows'),
  (19, 8, '2026-07-18', 'Port Adelaide', 'Fremantle'),
  (19, 9, '2026-07-18', 'West Coast Eagles', 'Brisbane Lions'),
  (20, 1, '2026-07-25', 'Brisbane Lions', 'Port Adelaide'),
  (20, 2, '2026-07-25', 'Carlton', 'Gold Coast Suns'),
  (20, 3, '2026-07-25', 'GWS Giants', 'Sydney Swans'),
  (20, 4, '2026-07-25', 'Hawthorn', 'Essendon'),
  (20, 5, '2026-07-25', 'North Melbourne', 'St Kilda'),
  (20, 6, '2026-07-25', 'Melbourne', 'Geelong Cats'),
  (20, 7, '2026-07-25', 'Western Bulldogs', 'Richmond'),
  (20, 8, '2026-07-25', 'Adelaide Crows', 'Collingwood'),
  (20, 9, '2026-07-25', 'Fremantle', 'West Coast Eagles'),
  (21, 1, '2026-08-01', 'Carlton', 'Brisbane Lions'),
  (21, 2, '2026-08-01', 'Collingwood', 'Geelong Cats'),
  (21, 3, '2026-08-01', 'Essendon', 'Adelaide Crows'),
  (21, 4, '2026-08-01', 'Gold Coast Suns', 'Melbourne'),
  (21, 5, '2026-08-01', 'Hawthorn', 'North Melbourne'),
  (21, 6, '2026-08-01', 'Richmond', 'West Coast Eagles'),
  (21, 7, '2026-08-01', 'St Kilda', 'Sydney Swans'),
  (21, 8, '2026-08-01', 'Port Adelaide', 'GWS Giants'),
  (21, 9, '2026-08-01', 'Fremantle', 'Western Bulldogs'),
  (22, 1, '2026-08-08', 'Brisbane Lions', 'Hawthorn'),
  (22, 2, '2026-08-08', 'Geelong Cats', 'Essendon'),
  (22, 3, '2026-08-08', 'GWS Giants', 'Gold Coast Suns'),
  (22, 4, '2026-08-08', 'Melbourne', 'Fremantle'),
  (22, 5, '2026-08-08', 'St Kilda', 'Carlton'),
  (22, 6, '2026-08-08', 'Sydney Swans', 'Port Adelaide'),
  (22, 7, '2026-08-08', 'Western Bulldogs', 'North Melbourne'),
  (22, 8, '2026-08-08', 'Adelaide Crows', 'Richmond'),
  (22, 9, '2026-08-08', 'West Coast Eagles', 'Collingwood'),
  (23, 1, '2026-08-15', 'Brisbane Lions', 'Gold Coast Suns'),
  (23, 2, '2026-08-15', 'Essendon', 'Sydney Swans'),
  (23, 3, '2026-08-15', 'GWS Giants', 'West Coast Eagles'),
  (23, 4, '2026-08-15', 'Hawthorn', 'Collingwood'),
  (23, 5, '2026-08-15', 'North Melbourne', 'Geelong Cats'),
  (23, 6, '2026-08-15', 'Richmond', 'St Kilda'),
  (23, 7, '2026-08-15', 'Western Bulldogs', 'Carlton'),
  (23, 8, '2026-08-15', 'Port Adelaide', 'Melbourne'),
  (23, 9, '2026-08-15', 'Fremantle', 'Adelaide Crows'),
  (24, 1, '2026-08-22', 'Collingwood', 'Brisbane Lions'),
  (24, 2, '2026-08-22', 'Carlton', 'Fremantle'),
  (24, 3, '2026-08-22', 'Essendon', 'Port Adelaide'),
  (24, 4, '2026-08-22', 'Geelong Cats', 'Richmond'),
  (24, 5, '2026-08-22', 'Melbourne', 'Western Bulldogs'),
  (24, 6, '2026-08-22', 'St Kilda', 'Gold Coast Suns'),
  (24, 7, '2026-08-22', 'Sydney Swans', 'North Melbourne'),
  (24, 8, '2026-08-22', 'Adelaide Crows', 'GWS Giants'),
  (24, 9, '2026-08-22', 'West Coast Eagles', 'Hawthorn');

-- Lines for Rounds 0-4 (approved, results filled)
insert into lines (round, match_num, home_team, away_team, line, status, final_margin, ats_winner) values
  (0, 1, 'Sydney Swans', 'Carlton', -23.5, 'approved', 63.0, 'Sydney Swans'),
  (0, 2, 'Gold Coast Suns', 'Geelong Cats', -7.5, 'approved', 56.0, 'Gold Coast Suns'),
  (0, 3, 'GWS Giants', 'Hawthorn', 9.5, 'approved', 27.0, 'GWS Giants'),
  (0, 4, 'Brisbane Lions', 'Western Bulldogs', -14.5, 'approved', -5.0, 'Western Bulldogs'),
  (0, 5, 'St Kilda', 'Collingwood', 1.5, 'approved', -12.0, 'Collingwood'),
  (1, 1, 'Carlton', 'Richmond', -21.5, 'approved', 4.0, 'Richmond'),
  (1, 2, 'Essendon', 'Hawthorn', 29.5, 'approved', -62.0, 'Hawthorn'),
  (1, 3, 'Western Bulldogs', 'GWS Giants', -20.5, 'approved', 81.0, 'Western Bulldogs'),
  (1, 4, 'Geelong Cats', 'Fremantle', -13.5, 'approved', 10.0, 'Fremantle'),
  (1, 5, 'Sydney Swans', 'Brisbane Lions', -19.5, 'approved', 44.0, 'Sydney Swans'),
  (1, 6, 'Collingwood', 'Adelaide Crows', -6.5, 'approved', -14.0, 'Adelaide Crows'),
  (1, 7, 'North Melbourne', 'Port Adelaide', 10.5, 'approved', 46.0, 'North Melbourne'),
  (1, 8, 'Melbourne', 'St Kilda', 10.5, 'approved', 13.0, 'Melbourne'),
  (1, 9, 'Gold Coast Suns', 'West Coast Eagles', -65.5, 'approved', 59.0, 'West Coast Eagles'),
  (2, 1, 'Hawthorn', 'Sydney Swans', -14.5, 'approved', 17.0, 'Hawthorn'),
  (2, 2, 'Adelaide Crows', 'Western Bulldogs', 0.5, 'approved', -6.0, 'Western Bulldogs'),
  (2, 3, 'Richmond', 'Gold Coast Suns', 34.5, 'approved', -68.0, 'Gold Coast Suns'),
  (2, 4, 'GWS Giants', 'St Kilda', -14.5, 'approved', -4.0, 'St Kilda'),
  (2, 5, 'Fremantle', 'Melbourne', -21.5, 'approved', 48.0, 'Fremantle'),
  (2, 6, 'Port Adelaide', 'Essendon', -18.5, 'approved', 63.0, 'Port Adelaide'),
  (2, 7, 'West Coast Eagles', 'North Melbourne', 12.5, 'approved', 17.0, 'West Coast Eagles'),
  (3, 1, 'Geelong Cats', 'Adelaide Crows', -25.5, 'approved', 8.0, 'Adelaide Crows'),
  (3, 2, 'Collingwood', 'GWS Giants', -13.5, 'approved', 33.0, 'Collingwood'),
  (3, 3, 'St Kilda', 'Brisbane Lions', 12.5, 'approved', -33.0, 'Brisbane Lions'),
  (3, 4, 'Fremantle', 'Richmond', -48.5, 'approved', 60.0, 'Fremantle'),
  (3, 5, 'Essendon', 'North Melbourne', 13.5, 'approved', -12.0, 'Essendon'),
  (3, 6, 'Port Adelaide', 'West Coast Eagles', -24.5, 'approved', -2.0, 'West Coast Eagles'),
  (3, 7, 'Carlton', 'Melbourne', 1.5, 'approved', -23.0, 'Melbourne'),
  (4, 1, 'Brisbane Lions', 'Collingwood', -17.5, 'approved', 54.0, 'Brisbane Lions'),
  (4, 2, 'North Melbourne', 'Carlton', 7.5, 'approved', 10.0, 'North Melbourne'),
  (4, 3, 'Adelaide Crows', 'Fremantle', -2.5, 'approved', -2.0, 'Fremantle'),
  (4, 4, 'Richmond', 'Port Adelaide', 11.5, 'approved', -42.0, 'Port Adelaide'),
  (4, 5, 'West Coast Eagles', 'Sydney Swans', 30.5, 'approved', -128.0, 'Sydney Swans'),
  (4, 6, 'Melbourne', 'Gold Coast Suns', 20.5, 'approved', 20.0, 'Melbourne'),
  (4, 7, 'Western Bulldogs', 'Essendon', -74.5, 'approved', 34.0, 'Essendon'),
  (4, 8, 'Hawthorn', 'Geelong Cats', -9.5, 'approved', 1.0, 'Geelong Cats');

-- Round locks (R0-R4 are complete and locked)
insert into round_locks (round, locked, locked_at) values
  (0, true, now()),
  (1, true, now()),
  (2, true, now()),
  (3, true, now()),
  (4, true, now()),
  (5, false, null);

-- Tips for Rounds 0-4
insert into tips (round, match_num, participant, tip_team, is_correct) values
  (0, 1, 'Guido', 'Sydney Swans', true),
  (0, 2, 'Guido', 'Gold Coast Suns', true),
  (0, 3, 'Guido', 'GWS Giants', true),
  (0, 4, 'Guido', 'Western Bulldogs', true),
  (0, 5, 'Guido', 'Collingwood', true),
  (0, 1, 'Jurgen', 'Sydney Swans', true),
  (0, 2, 'Jurgen', 'Gold Coast Suns', true),
  (0, 3, 'Jurgen', 'Hawthorn', false),
  (0, 4, 'Jurgen', 'Brisbane Lions', false),
  (0, 5, 'Jurgen', 'St Kilda', false),
  (0, 1, 'Mignon', 'Carlton', false),
  (0, 2, 'Mignon', 'Gold Coast Suns', true),
  (0, 3, 'Mignon', 'GWS Giants', true),
  (0, 4, 'Mignon', 'Western Bulldogs', true),
  (0, 5, 'Mignon', 'Collingwood', true),
  (0, 1, 'Mr K', 'Sydney Swans', true),
  (0, 2, 'Mr K', 'Gold Coast Suns', true),
  (0, 3, 'Mr K', 'Hawthorn', false),
  (0, 4, 'Mr K', 'Brisbane Lions', false),
  (0, 5, 'Mr K', 'St Kilda', false),
  (0, 1, 'Rave', 'Sydney Swans', true),
  (0, 2, 'Rave', 'Geelong Cats', false),
  (0, 3, 'Rave', 'GWS Giants', true),
  (0, 4, 'Rave', 'Brisbane Lions', false),
  (0, 5, 'Rave', 'Collingwood', true),
  (0, 1, 'Stickman', 'Sydney Swans', true),
  (0, 2, 'Stickman', 'Gold Coast Suns', true),
  (0, 3, 'Stickman', 'Hawthorn', false),
  (0, 4, 'Stickman', 'Western Bulldogs', true),
  (0, 5, 'Stickman', 'St Kilda', false),
  (0, 1, 'Swan', 'Carlton', false),
  (0, 2, 'Swan', 'Gold Coast Suns', true),
  (0, 3, 'Swan', 'Hawthorn', false),
  (0, 4, 'Swan', 'Brisbane Lions', false),
  (0, 5, 'Swan', 'St Kilda', false),
  (0, 1, 'Uncle', 'Carlton', false),
  (0, 2, 'Uncle', 'Geelong Cats', false),
  (0, 3, 'Uncle', 'GWS Giants', true),
  (0, 4, 'Uncle', 'Brisbane Lions', false),
  (0, 5, 'Uncle', 'St Kilda', false),
  (1, 1, 'Guido', 'Carlton', false),
  (1, 2, 'Guido', 'Hawthorn', true),
  (1, 3, 'Guido', 'GWS Giants', false),
  (1, 4, 'Guido', 'Fremantle', true),
  (1, 5, 'Guido', 'Brisbane Lions', false),
  (1, 6, 'Guido', 'Collingwood', false),
  (1, 7, 'Guido', 'Port Adelaide', false),
  (1, 8, 'Guido', 'St Kilda', false),
  (1, 9, 'Guido', 'Gold Coast Suns', false),
  (1, 1, 'Jurgen', 'Carlton', false),
  (1, 2, 'Jurgen', 'Hawthorn', true),
  (1, 3, 'Jurgen', 'Western Bulldogs', true),
  (1, 4, 'Jurgen', 'Fremantle', true),
  (1, 5, 'Jurgen', 'Brisbane Lions', false),
  (1, 6, 'Jurgen', 'Adelaide Crows', true),
  (1, 7, 'Jurgen', 'Port Adelaide', false),
  (1, 8, 'Jurgen', 'St Kilda', false),
  (1, 9, 'Jurgen', 'West Coast Eagles', true),
  (1, 1, 'Mignon', 'Carlton', false),
  (1, 2, 'Mignon', 'Hawthorn', true),
  (1, 3, 'Mignon', 'GWS Giants', false),
  (1, 4, 'Mignon', 'Geelong Cats', false),
  (1, 5, 'Mignon', 'Sydney Swans', true),
  (1, 6, 'Mignon', 'Adelaide Crows', true),
  (1, 7, 'Mignon', 'North Melbourne', true),
  (1, 8, 'Mignon', 'Melbourne', true),
  (1, 9, 'Mignon', 'Gold Coast Suns', false),
  (1, 1, 'Mr K', 'Carlton', false),
  (1, 2, 'Mr K', 'Essendon', false),
  (1, 3, 'Mr K', 'Western Bulldogs', true),
  (1, 4, 'Mr K', 'Fremantle', true),
  (1, 5, 'Mr K', 'Brisbane Lions', false),
  (1, 6, 'Mr K', 'Adelaide Crows', true),
  (1, 7, 'Mr K', 'Port Adelaide', false),
  (1, 8, 'Mr K', 'Melbourne', true),
  (1, 9, 'Mr K', 'Gold Coast Suns', false),
  (1, 1, 'Rave', 'Carlton', false),
  (1, 2, 'Rave', 'Hawthorn', true),
  (1, 3, 'Rave', 'Western Bulldogs', true),
  (1, 4, 'Rave', 'Geelong Cats', false),
  (1, 5, 'Rave', 'Brisbane Lions', false),
  (1, 6, 'Rave', 'Collingwood', false),
  (1, 7, 'Rave', 'Port Adelaide', false),
  (1, 8, 'Rave', 'St Kilda', false),
  (1, 9, 'Rave', 'West Coast Eagles', true),
  (1, 1, 'Stickman', 'Richmond', true),
  (1, 2, 'Stickman', 'Essendon', false),
  (1, 3, 'Stickman', 'Western Bulldogs', true),
  (1, 4, 'Stickman', 'Fremantle', true),
  (1, 5, 'Stickman', 'Brisbane Lions', false),
  (1, 6, 'Stickman', 'Adelaide Crows', true),
  (1, 7, 'Stickman', 'North Melbourne', true),
  (1, 8, 'Stickman', 'St Kilda', false),
  (1, 9, 'Stickman', 'Gold Coast Suns', false),
  (1, 1, 'Swan', 'Carlton', false),
  (1, 2, 'Swan', 'Hawthorn', true),
  (1, 3, 'Swan', 'GWS Giants', false),
  (1, 4, 'Swan', 'Fremantle', true),
  (1, 5, 'Swan', 'Brisbane Lions', false),
  (1, 6, 'Swan', 'Adelaide Crows', true),
  (1, 7, 'Swan', 'North Melbourne', true),
  (1, 8, 'Swan', 'St Kilda', false),
  (1, 9, 'Swan', 'Gold Coast Suns', false),
  (1, 1, 'Uncle', 'Carlton', false),
  (1, 2, 'Uncle', 'Essendon', false),
  (1, 3, 'Uncle', 'Western Bulldogs', true),
  (1, 4, 'Uncle', 'Fremantle', true),
  (1, 5, 'Uncle', 'Sydney Swans', true),
  (1, 6, 'Uncle', 'Adelaide Crows', true),
  (1, 7, 'Uncle', 'Port Adelaide', false),
  (1, 8, 'Uncle', 'St Kilda', false),
  (1, 9, 'Uncle', 'Gold Coast Suns', false),
  (2, 1, 'Guido', 'Hawthorn', true),
  (2, 2, 'Guido', 'Western Bulldogs', true),
  (2, 3, 'Guido', 'Gold Coast Suns', true),
  (2, 4, 'Guido', 'St Kilda', true),
  (2, 5, 'Guido', 'Fremantle', true),
  (2, 6, 'Guido', 'Essendon', false),
  (2, 7, 'Guido', 'North Melbourne', false),
  (2, 1, 'Jurgen', 'Hawthorn', true),
  (2, 2, 'Jurgen', 'Western Bulldogs', true),
  (2, 3, 'Jurgen', 'Gold Coast Suns', true),
  (2, 4, 'Jurgen', 'St Kilda', true),
  (2, 5, 'Jurgen', 'Fremantle', true),
  (2, 6, 'Jurgen', 'Port Adelaide', true),
  (2, 7, 'Jurgen', 'North Melbourne', false),
  (2, 1, 'Mignon', 'Hawthorn', true),
  (2, 2, 'Mignon', 'Western Bulldogs', true),
  (2, 3, 'Mignon', 'Gold Coast Suns', true),
  (2, 4, 'Mignon', 'St Kilda', true),
  (2, 5, 'Mignon', 'Fremantle', true),
  (2, 6, 'Mignon', 'Port Adelaide', true),
  (2, 7, 'Mignon', 'North Melbourne', false),
  (2, 1, 'Mr K', 'Hawthorn', true),
  (2, 2, 'Mr K', 'Western Bulldogs', true),
  (2, 3, 'Mr K', 'Gold Coast Suns', true),
  (2, 4, 'Mr K', 'St Kilda', true),
  (2, 5, 'Mr K', 'Melbourne', false),
  (2, 6, 'Mr K', 'Essendon', false),
  (2, 7, 'Mr K', 'North Melbourne', false),
  (2, 1, 'Rave', 'Hawthorn', true),
  (2, 2, 'Rave', 'Adelaide Crows', false),
  (2, 3, 'Rave', 'Gold Coast Suns', true),
  (2, 4, 'Rave', 'GWS Giants', false),
  (2, 5, 'Rave', 'Fremantle', true),
  (2, 6, 'Rave', 'Port Adelaide', true),
  (2, 7, 'Rave', 'North Melbourne', false),
  (2, 1, 'Stickman', 'Sydney Swans', false),
  (2, 2, 'Stickman', 'Adelaide Crows', false),
  (2, 3, 'Stickman', 'Gold Coast Suns', true),
  (2, 4, 'Stickman', 'St Kilda', true),
  (2, 5, 'Stickman', 'Fremantle', true),
  (2, 6, 'Stickman', 'Port Adelaide', true),
  (2, 7, 'Stickman', 'North Melbourne', false),
  (2, 1, 'Swan', 'Sydney Swans', false),
  (2, 2, 'Swan', 'Western Bulldogs', true),
  (2, 3, 'Swan', 'Gold Coast Suns', true),
  (2, 4, 'Swan', 'GWS Giants', false),
  (2, 5, 'Swan', 'Fremantle', true),
  (2, 6, 'Swan', 'Port Adelaide', true),
  (2, 7, 'Swan', 'North Melbourne', false),
  (2, 1, 'Uncle', 'Hawthorn', true),
  (2, 2, 'Uncle', 'Western Bulldogs', true),
  (2, 3, 'Uncle', 'Gold Coast Suns', true),
  (2, 4, 'Uncle', 'GWS Giants', false),
  (2, 5, 'Uncle', 'Fremantle', true),
  (2, 6, 'Uncle', 'Port Adelaide', true),
  (2, 7, 'Uncle', 'North Melbourne', false),
  (3, 1, 'Guido', 'Geelong Cats', false),
  (3, 2, 'Guido', 'Collingwood', true),
  (3, 3, 'Guido', 'Brisbane Lions', true),
  (3, 4, 'Guido', 'Fremantle', true),
  (3, 5, 'Guido', 'Essendon', true),
  (3, 6, 'Guido', 'Port Adelaide', false),
  (3, 7, 'Guido', 'Carlton', false),
  (3, 1, 'Jurgen', 'Geelong Cats', false),
  (3, 2, 'Jurgen', 'Collingwood', true),
  (3, 3, 'Jurgen', 'Brisbane Lions', true),
  (3, 4, 'Jurgen', 'Fremantle', true),
  (3, 5, 'Jurgen', 'North Melbourne', false),
  (3, 6, 'Jurgen', 'Port Adelaide', false),
  (3, 7, 'Jurgen', 'Carlton', false),
  (3, 1, 'Mignon', 'Geelong Cats', false),
  (3, 2, 'Mignon', 'Collingwood', true),
  (3, 3, 'Mignon', 'Brisbane Lions', true),
  (3, 4, 'Mignon', 'Fremantle', true),
  (3, 5, 'Mignon', 'North Melbourne', false),
  (3, 6, 'Mignon', 'Port Adelaide', false),
  (3, 7, 'Mignon', 'Carlton', false),
  (3, 1, 'Mr K', 'Adelaide Crows', true),
  (3, 2, 'Mr K', 'Collingwood', true),
  (3, 3, 'Mr K', 'Brisbane Lions', true),
  (3, 4, 'Mr K', 'Fremantle', true),
  (3, 5, 'Mr K', 'North Melbourne', false),
  (3, 6, 'Mr K', 'Port Adelaide', false),
  (3, 7, 'Mr K', 'Melbourne', true),
  (3, 1, 'Rave', 'Adelaide Crows', true),
  (3, 2, 'Rave', 'Collingwood', true),
  (3, 3, 'Rave', 'Brisbane Lions', true),
  (3, 4, 'Rave', 'Fremantle', true),
  (3, 5, 'Rave', 'Essendon', true),
  (3, 6, 'Rave', 'Port Adelaide', false),
  (3, 7, 'Rave', 'Melbourne', true),
  (3, 1, 'Stickman', 'Adelaide Crows', true),
  (3, 2, 'Stickman', 'Collingwood', true),
  (3, 3, 'Stickman', 'Brisbane Lions', true),
  (3, 4, 'Stickman', 'Fremantle', true),
  (3, 5, 'Stickman', 'North Melbourne', false),
  (3, 6, 'Stickman', 'Port Adelaide', false),
  (3, 7, 'Stickman', 'Melbourne', true),
  (3, 1, 'Swan', 'Adelaide Crows', true),
  (3, 2, 'Swan', 'Collingwood', true),
  (3, 3, 'Swan', 'Brisbane Lions', true),
  (3, 4, 'Swan', 'Fremantle', true),
  (3, 5, 'Swan', 'North Melbourne', false),
  (3, 6, 'Swan', 'Port Adelaide', false),
  (3, 7, 'Swan', 'Carlton', false),
  (3, 1, 'Uncle', 'Adelaide Crows', true),
  (3, 2, 'Uncle', 'GWS Giants', false),
  (3, 3, 'Uncle', 'Brisbane Lions', true),
  (3, 4, 'Uncle', 'Fremantle', true),
  (3, 5, 'Uncle', 'North Melbourne', false),
  (3, 6, 'Uncle', 'Port Adelaide', false),
  (3, 7, 'Uncle', 'Melbourne', true),
  (4, 1, 'Guido', 'Collingwood', false),
  (4, 2, 'Guido', 'North Melbourne', true),
  (4, 3, 'Guido', 'Adelaide Crows', false),
  (4, 4, 'Guido', 'Port Adelaide', true),
  (4, 5, 'Guido', 'Sydney Swans', true),
  (4, 6, 'Guido', 'Gold Coast Suns', false),
  (4, 7, 'Guido', 'Essendon', true),
  (4, 8, 'Guido', 'Geelong Cats', true),
  (4, 1, 'Jurgen', 'Brisbane Lions', true),
  (4, 2, 'Jurgen', 'Carlton', false),
  (4, 3, 'Jurgen', 'Fremantle', true),
  (4, 4, 'Jurgen', 'Port Adelaide', true),
  (4, 5, 'Jurgen', 'Sydney Swans', true),
  (4, 6, 'Jurgen', 'Gold Coast Suns', false),
  (4, 7, 'Jurgen', 'Essendon', true),
  (4, 8, 'Jurgen', 'Hawthorn', false),
  (4, 1, 'Mignon', 'Brisbane Lions', true),
  (4, 2, 'Mignon', 'Carlton', false),
  (4, 3, 'Mignon', 'Fremantle', true),
  (4, 4, 'Mignon', 'Port Adelaide', true),
  (4, 5, 'Mignon', 'Sydney Swans', true),
  (4, 6, 'Mignon', 'Gold Coast Suns', false),
  (4, 7, 'Mignon', 'Essendon', true),
  (4, 8, 'Mignon', 'Hawthorn', false),
  (4, 1, 'Mr K', 'Collingwood', false),
  (4, 2, 'Mr K', 'North Melbourne', true),
  (4, 3, 'Mr K', 'Fremantle', true),
  (4, 4, 'Mr K', 'Richmond', false),
  (4, 5, 'Mr K', 'Sydney Swans', true),
  (4, 6, 'Mr K', 'Melbourne', true),
  (4, 7, 'Mr K', 'Western Bulldogs', false),
  (4, 8, 'Mr K', 'Geelong Cats', true),
  (4, 1, 'Rave', 'Collingwood', false),
  (4, 2, 'Rave', 'Carlton', false),
  (4, 3, 'Rave', 'Adelaide Crows', false),
  (4, 4, 'Rave', 'Richmond', false),
  (4, 5, 'Rave', 'Sydney Swans', true),
  (4, 6, 'Rave', 'Gold Coast Suns', false),
  (4, 7, 'Rave', 'Essendon', true),
  (4, 8, 'Rave', 'Geelong Cats', true),
  (4, 1, 'Stickman', 'Collingwood', false),
  (4, 2, 'Stickman', 'North Melbourne', true),
  (4, 3, 'Stickman', 'Fremantle', true),
  (4, 4, 'Stickman', 'Richmond', false),
  (4, 5, 'Stickman', 'Sydney Swans', true),
  (4, 6, 'Stickman', 'Gold Coast Suns', false),
  (4, 7, 'Stickman', 'Western Bulldogs', false),
  (4, 8, 'Stickman', 'Geelong Cats', true),
  (4, 1, 'Swan', 'Collingwood', false),
  (4, 2, 'Swan', 'North Melbourne', true),
  (4, 3, 'Swan', 'Adelaide Crows', false),
  (4, 4, 'Swan', 'Port Adelaide', true),
  (4, 5, 'Swan', 'Sydney Swans', true),
  (4, 6, 'Swan', 'Gold Coast Suns', false),
  (4, 7, 'Swan', 'Essendon', true),
  (4, 8, 'Swan', 'Geelong Cats', true),
  (4, 1, 'Uncle', 'Collingwood', false),
  (4, 2, 'Uncle', 'North Melbourne', true),
  (4, 3, 'Uncle', 'Adelaide Crows', false),
  (4, 4, 'Uncle', 'Port Adelaide', true),
  (4, 5, 'Uncle', 'Sydney Swans', true),
  (4, 6, 'Uncle', 'Gold Coast Suns', false),
  (4, 7, 'Uncle', 'Essendon', true),
  (4, 8, 'Uncle', 'Geelong Cats', true);

-- Leaderboard cache (R0-R4 scores)
insert into leaderboard_cache (participant, total_score, r0, r1, r2, r3, r4) values
  ('Mignon', 23, 4, 5, 6, 3, 5),
  ('Stickman', 21, 3, 5, 4, 5, 4),
  ('Guido', 21, 5, 2, 5, 4, 5),
  ('Jurgen', 21, 2, 5, 6, 3, 5),
  ('Mr K', 20, 2, 4, 4, 5, 5),
  ('Rave', 19, 3, 3, 4, 6, 3),
  ('Uncle', 19, 1, 4, 5, 4, 5),
  ('Swan', 18, 1, 4, 4, 4, 5);
